{
  "products": [
    {
      "id": "1",
      "title": "Roadster",
      "description": "Men Cotton Causal Shirt",
      "category": "Men",
      "maxRetailPrice": 1499,
      "discountPercentage": 40,
      "rating": "4.3",
      "review": "27.9K",
      "imgSrc": "http://placehold.jp/3d4070/ffffff/600x600.png",
      "reviews": []
    },
    {
      "id": "2",
      "title": "Dennis Lingo",
      "description": "Men Slim Fit Causal Shirt",
      "category": "Men",
      "maxRetailPrice": 1849,
      "discountPercentage": 60,
      "rating": "4.1",
      "review": "11.2K",
      "imgSrc": "http://placehold.jp/3d4070/ffffff/600x600.png",
      "reviews": []
    },
    {
      "id": "3",
      "title": "WROGN",
      "description": "Men Slim Fit Causal Shirt",
      "category": "Men",
      "maxRetailPrice": 2399,
      "discountPercentage": 30,
      "rating": "4.1",
      "review": "21.9K",
      "label": "New Season",
      "imgSrc": "http://placehold.jp/3d4070/ffffff/600x600.png",
      "reviews": [
        {
          "name": "Aditya",
          "email": "ad@gmail.com",
          "phone": "8237568903",
          "feedback": "hhhhhyyyyyyyyyyyyyyyyyyyyyyyyyyyyyyyyyyyyyyyyyyyyyyyyyyyy",
          "productRating": 4,
          "id": 1
        }
      ]
    },
    {
      "id": "4",
      "title": "HIGHLANDER",
      "description": "Men Cotton Causal Shirt",
      "category": "Men",
      "maxRetailPrice": 1149,
      "discountPercentage": 40,
      "rating": "4.2",
      "review": "5K",
      "imgSrc": "http://placehold.jp/3d4070/ffffff/600x600.png",
      "reviews": []
    },
    {
      "id": "5",
      "title": "Nayo",
      "description": "Women Kurta With Trouser",
      "category": "Women",
      "maxRetailPrice": 3699,
      "discountPercentage": 30,
      "rating": "4.1",
      "review": "7.7K",
      "imgSrc": "http://placehold.jp/3d4070/ffffff/600x600.png",
      "reviews": [
        {
          "name": "Kiran G",
          "email": "KG@gmail.com",
          "phone": "7973653436",
          "feedback": "nnnnnnnnnnnnnnnnnnnnnnnnnnnnnnnnnnnnnnnnnnnnnnnnnnnnnnnnn",
          "productRating": 4,
          "id": 1
        }
      ]
    },
    {
      "id": "6",
      "title": "Sangria",
      "description": "Cotton Floral Kurta",
      "category": "Women",
      "maxRetailPrice": 3599,
      "discountPercentage": 35,
      "rating": "4.4",
      "review": "11.9K",
      "label": "New Season",
      "imgSrc": "http://placehold.jp/3d4070/ffffff/600x600.png",
      "reviews": [
        {
          "name": "Kiran K",
          "email": "K@gmail.com",
          "phone": 7973653436,
          "feedback": "ttttttttttttttttttttttttttttttttttttttttttttttttttttttttt",
          "productRating": 4,
          "id": 1
        }
      ]
    },
    {
      "id": "7",
      "title": "Anayna",
      "description": "Women Self Kurta Set",
      "category": "Women",
      "maxRetailPrice": 3999,
      "discountPercentage": 50,
      "rating": "4.3",
      "review": "2.2K",
      "imgSrc": "http://placehold.jp/3d4070/ffffff/600x600.png",
      "reviews": [
        {
          "name": "sd",
          "email": "a@b.com",
          "phone": "03333333123",
          "feedback": "ffffffffffffffffffffffffffffffffffffffffffffffffffffffff",
          "productRating": 3,
          "id": 1
        }
      ]
    },
    {
      "id": "8",
      "title": "Boys Set 3-piece",
      "description": "Boys 3-Piece set",
      "category": "Kids",
      "maxRetailPrice": 2099,
      "discountPercentage": 60,
      "rating": "4.3",
      "review": "10.9K",
      "imgSrc": "http://placehold.jp/3d4070/ffffff/600x600.png",
      "reviews": [
        {
          "name": "we",
          "email": "f@gmail.com",
          "phone": "45555555554",
          "feedback": "rgtffffffffffffffffffffffffffffffffffffffffffdeeee",
          "productRating": 3,
          "id": 1
        }
      ]
    },
    {
      "id": "9",
      "title": "White 3-Piece",
      "description": "Boys white 3-Piece set",
      "category": "Kids",
      "maxRetailPrice": 1999,
      "discountPercentage": 20,
      "rating": "4.7",
      "review": "203K",
      "imgSrc": "http://placehold.jp/3d4070/ffffff/600x600.png",
      "reviews": []
    },
    {
      "id": "10",
      "title": "Little Boys 2-Piece",
      "description": "Boys 2-Piece Cotton Jersey Set",
      "category": "Kids",
      "maxRetailPrice": 799,
      "discountPercentage": 10,
      "rating": "4.3",
      "review": "27.9K",
      "label": "New Season",
      "imgSrc": "http://placehold.jp/3d4070/ffffff/600x600.png",
      "reviews": [
        {
          "name": "sd",
          "email": "a@b.com",
          "phone": "13333333123",
          "feedback": "It was great product. Good quality and value for money",
          "productRating": 4,
          "id": 1
        },
        {
          "name": "Aditya",
          "email": "ad@gmail.com",
          "phone": "8237568903",
          "feedback": "ghjkkkkkkkkkkkkkkkkkkkkkkkkkkkkkkkkkkkkkkkkkkkkkkkkkkkkkk",
          "productRating": 4,
          "id": 2
        }
      ]
    },
    {
      "id": "08f5"
    },
    {
      "id": "82af"
    },
    {
      "id": "a6c7"
    },
    {
      "id": "3da4"
    }
  ],
  "categories": [
    {
      "id": "101",
      "name": "Men"
    },
    {
      "id": "102",
      "name": "Women"
    },
    {
      "id": "103",
      "name": "Kids"
    }
  ],
  "contact": [
    {
      "name": "sd",
      "email": "a@b.com",
      "phone": 3333333123,
      "message": "Hi",
      "id": "1"
    },
    {
      "name": "Aditya",
      "email": "ad@gmail.com",
      "phone": 8237568903,
      "message": "Great app.",
      "id": "2"
    },
    {
      "name": "Sunil",
      "email": "s@gmail.com",
      "phone": 5789403,
      "message": "Good ",
      "id": "3"
    },
    {
      "name": "Kiran K",
      "email": "K@gmail.com",
      "phone": 7973653436,
      "message": "Great user experience with this app.",
      "id": "4"
    },
    {
      "name": "Kiran G",
      "email": "KG@gmail.com",
      "phone": 7973653436,
      "message": "ghu",
      "id": "5"
    },
    {
      "name": "we",
      "email": "s@dc",
      "phone": 3333333123,
      "message": "ttttttttttttt",
      "id": "6"
    },
    {
      "name": "we",
      "email": "f@gmail.com",
      "phone": 13333333123,
      "message": "Hi",
      "id": "7"
    },
    {
      "name": "RRR",
      "email": "rrr@gmail.com",
      "phone": 1000000001,
      "message": "Oscar",
      "id": "8"
    },
    {
      "name": "we",
      "email": "f@gmail.com",
      "phone": 99999999999,
      "message": "ok",
      "id": "9"
    }
  ]
}